{"camera_matrix": [[758.8676444754816, 0.0, 803.2580402233165], [0.0, 759.5875282366112, 521.4351001815887], [0.0, 0.0, 1.0]], "dist_coeff": [[-0.20853765333274846, 0.06646465239563998, 0.0006131672243484943, 0.0004747925977127819, -0.010057803577948738]], "mean_error": 6.881785215704861}